Fecha,Cierre,Var (euros),Var (Porcentaje),Max,Min
11/04/18,9735.8,-27.7,-0.28,9786.3,9717.3
10/04/18,9763.5,20.7,0.21,9806.0,9738.7
9/04/18,9742.8,60.0,0.62,9790.2,9716.8
6/04/18,9682.8,-58.1,-0.6,9734.2,9658.9
5/04/18,9740.9,227.6,2.39,9761.8,9616.7
4/04/18,9513.3,-36.3,-0.38,9560.4,9417.3
3/04/18,9549.6,-50.8,-0.53,9577.5,9500.0
29/03/18,9600.4,45.4,0.48,9657.5,9581.7
28/03/18,9555.0,81.4,0.86,9555.0,9348.9
27/03/18,9473.6,92.6,0.99,9519.2,9441.6
26/03/18,9381.0,-12.1,-0.13,9460.6,9343.3
23/03/18,9393.1,-94.3,-0.99,9428.9,9327.6
22/03/18,9487.4,-143.5,-1.49,9648.3,9432.6
21/03/18,9630.9,-50.7,-0.52,9702.4,9592.1
20/03/18,9681.6,17.5,0.18,9693.2,9608.5
19/03/18,9664.1,-96.9,-0.99,9747.3,9646.0
16/03/18,9761.0,76.8,0.79,9800.8,9664.0
15/03/18,9684.2,-4.3,-0.04,9720.6,9647.5
14/03/18,9688.5,-3.2,-0.03,9737.4,9632.2
13/03/18,9691.7,-35.8,-0.37,9811.4,9670.7
12/03/18,9727.5,41.4,0.43,9761.3,9702.5
9/03/18,9686.1,39.9,0.41,9704.9,9631.5
8/03/18,9646.2,46.9,0.49,9666.4,9564.2
7/03/18,9599.3,12.5,0.13,9612.4,9547.1
6/03/18,9586.8,-4.0,-0.04,9677.0,9586.3
5/03/18,9590.8,59.7,0.63,9604.2,9494.5
2/03/18,9531.1,-207.5,-2.13,9680.0,9510.8
1/03/18,9738.6,-101.7,-1.03,9808.9,9715.2
28/02/18,9840.3,-59.9,-0.61,9887.2,9830.2
27/02/18,9900.2,-2.2,-0.02,9937.2,9863.4
26/02/18,9902.4,80.0,0.81,9915.1,9841.7
23/02/18,9822.4,-54.1,-0.55,9891.1,9764.9
22/02/18,9876.5,53.2,0.54,9903.1,9744.9
21/02/18,9823.3,-72.0,-0.73,9876.1,9777.5
20/02/18,9895.3,89.1,0.91,9901.1,9806.9
19/02/18,9806.2,-25.9,-0.26,9905.4,9797.2
16/02/18,9832.1,117.2,1.21,9839.7,9768.7
15/02/18,9714.9,28.7,0.3,9832.1,9674.9
14/02/18,9686.2,35.5,0.37,9743.9,9595.9
13/02/18,9650.7,-120.4,-1.23,9797.4,9650.7
12/02/18,9771.1,131.5,1.36,9815.2,9731.0
9/02/18,9639.6,-116.7,-1.2,9752.2,9581.1
8/02/18,9756.3,-220.6,-2.21,9959.8,9726.5
7/02/18,9976.9,166.9,1.7,9988.5,9811.7
6/02/18,9810.0,-254.5,-2.53,9967.3,9721.5
5/02/18,10064.5,-146.7,-1.44,10173.8,10058.5
2/02/18,10211.2,-187.8,-1.81,10369.2,10205.3
1/02/18,10399.0,-52.5,-0.5,10543.7,10359.4
31/01/18,10451.5,23.3,0.22,10482.7,10422.1
30/01/18,10428.2,-127.4,-1.21,10506.4,10416.2
29/01/18,10555.6,-39.8,-0.38,10605.7,10540.0
26/01/18,10595.4,0.1,0.0,10635.1,10563.2
25/01/18,10595.3,32.3,0.31,10630.5,10559.7
24/01/18,10563.0,-46.5,-0.44,10617.2,10563.0
23/01/18,10609.5,25.5,0.24,10643.4,10583.7
22/01/18,10584.0,104.5,1.0,10601.9,10488.3
19/01/18,10479.5,46.8,0.45,10500.1,10396.2
18/01/18,10432.7,-41.9,-0.4,10509.2,10403.2
17/01/18,10474.6,-45.8,-0.44,10504.9,10441.2
16/01/18,10520.4,53.2,0.51,10572.9,10466.2
15/01/18,10467.2,4.8,0.05,10493.7,10446.9
12/01/18,10462.4,27.2,0.26,10492.2,10443.4
11/01/18,10435.2,6.9,0.07,10475.0,10401.2
10/01/18,10428.3,1.8,0.02,10474.9,10399.1
9/01/18,10426.5,28.1,0.27,10461.9,10385.6
8/01/18,10398.4,-13.0,-0.12,10456.9,10398.4
5/01/18,10411.4,97.0,0.94,10411.4,10343.1
4/01/18,10314.4,198.4,1.96,10325.0,10151.0
3/01/18,10116.0,36.9,0.37,10145.2,10083.6
2/01/18,10079.1,35.2,0.35,10097.9,10017.0
29/12/17,10043.9,-49.2,-0.49,10100.2,10028.7
28/12/17,10093.1,-72.1,-0.71,10162.8,10076.5
27/12/17,10165.2,-16.8,-0.16,10213.2,10138.8
22/12/17,10182.0,-122.6,-1.19,10235.8,10138.3
21/12/17,10304.6,96.9,0.95,10322.6,10144.4
20/12/17,10207.7,-26.6,-0.26,10246.5,10140.5
19/12/17,10234.3,-9.8,-0.1,10283.5,10228.4
18/12/17,10244.1,93.7,0.92,10257.8,10188.1
15/12/17,10150.4,-26.1,-0.26,10212.3,10113.8
14/12/17,10176.5,-84.0,-0.82,10293.1,10176.5
13/12/17,10260.5,-27.8,-0.27,10355.0,10260.5
12/12/17,10288.3,-32.8,-0.32,10326.2,10248.1
11/12/17,10306.9,-14.2,-0.14,10348.8,10285.1
8/12/17,10321.1,58.5,0.57,10380.3,10316.5
7/12/17,10262.6,78.6,0.77,10271.2,10171.3
6/12/17,10184.0,-27.3,-0.27,10201.8,10098.1
5/12/17,10211.3,2.7,0.03,10246.1,10162.3
4/12/17,10208.6,123.6,1.23,10248.4,10127.6
1/12/17,10085.0,-126.0,-1.23,10225.5,10083.8
30/11/17,10211.0,-56.7,-0.55,10323.1,10211.0
29/11/17,10267.7,123.3,1.22,10314.2,10211.1
28/11/17,10144.4,81.3,0.81,10148.8,10059.5
27/11/17,10063.1,9.6,0.1,10136.6,10014.4
24/11/17,10053.5,20.7,0.21,10125.4,10036.6
23/11/17,10032.8,18.9,0.19,10079.2,9983.2
22/11/17,10013.9,20.5,0.21,10092.4,10005.8
21/11/17,9993.4,-32.1,-0.32,10072.2,9989.3
20/11/17,10025.5,15.1,0.15,10061.8,9981.3
17/11/17,10010.4,-78.3,-0.78,10087.5,9998.7
16/11/17,10088.7,74.8,0.75,10173.5,10043.1
15/11/17,10013.9,23.5,0.24,10029.8,9889.4
14/11/17,9990.4,-59.5,-0.59,10101.8,9970.9
13/11/17,10049.9,-42.8,-0.42,10124.0,9984.2
10/11/17,10092.7,-48.4,-0.48,10168.0,10075.8
9/11/17,10141.1,-87.6,-0.86,10244.7,10117.2
8/11/17,10228.7,-2.0,-0.02,10242.7,10155.4
7/11/17,10230.7,-85.8,-0.83,10376.2,10212.5
6/11/17,10316.5,-41.3,-0.4,10358.1,10264.0
3/11/17,10357.8,-100.0,-0.96,10464.3,10295.9
2/11/17,10457.8,-48.9,-0.47,10538.4,10403.2
1/11/17,10506.7,-16.8,-0.16,10594.2,10486.2
31/10/17,10523.5,77.5,0.74,10570.5,10438.1
30/10/17,10446.0,248.5,2.44,10470.7,10293.0
27/10/17,10197.5,-150.3,-1.45,10382.4,10136.9
26/10/17,10347.8,194.5,1.92,10422.7,10121.2
25/10/17,10153.3,-52.4,-0.51,10273.4,10137.1
24/10/17,10205.7,44.3,0.44,10235.4,10148.3
23/10/17,10161.4,-61.3,-0.6,10216.4,10141.4
20/10/17,10222.7,25.2,0.25,10249.0,10176.5
19/10/17,10197.5,-75.9,-0.74,10276.6,10167.4
18/10/17,10273.4,56.6,0.55,10283.5,10165.4
17/10/17,10216.8,35.4,0.35,10297.1,10134.0
16/10/17,10181.4,-76.6,-0.75,10248.7,10153.9
13/10/17,10258.0,-17.9,-0.17,10299.7,10231.5
12/10/17,10275.9,-2.5,-0.02,10304.0,10244.8
11/10/17,10278.4,136.1,1.34,10313.1,10247.3
10/10/17,10142.3,-93.7,-0.92,10225.0,10107.8
9/10/17,10236.0,50.5,0.5,10306.8,10206.1
6/10/17,10185.5,-29.2,-0.29,10214.5,10116.6
5/10/17,10214.7,249.8,2.51,10259.9,9922.3
4/10/17,9964.9,-292.6,-2.85,10226.8,9947.3
3/10/17,10257.5,1.8,0.02,10276.6,10151.1
2/10/17,10255.7,-125.8,-1.21,10327.2,10185.9
29/09/17,10381.5,53.0,0.51,10381.5,10277.5
28/09/17,10328.5,-40.4,-0.39,10406.5,10319.4
27/09/17,10368.9,179.3,1.76,10398.9,10216.7
26/09/17,10189.6,-26.9,-0.26,10224.7,10166.7
25/09/17,10216.5,-88.5,-0.86,10272.4,10186.7
22/09/17,10305.0,8.0,0.08,10313.9,10270.9
21/09/17,10297.0,4.9,0.05,10340.8,10266.8
20/09/17,10292.1,-86.3,-0.83,10375.5,10248.4
19/09/17,10378.4,40.0,0.39,10399.1,10296.1
18/09/17,10338.4,21.0,0.2,10410.2,10330.1
15/09/17,10317.4,-43.7,-0.42,10370.8,10287.2
14/09/17,10361.1,-9.9,-0.1,10365.1,10284.3
13/09/17,10371.0,34.8,0.34,10395.1,10308.0
12/09/17,10336.2,13.6,0.13,10372.5,10324.7
11/09/17,10322.6,193.0,1.91,10343.5,10197.8
8/09/17,10129.6,4.7,0.05,10165.7,10087.6
7/09/17,10124.9,-6.1,-0.06,10189.5,10118.4
6/09/17,10131.0,-48.8,-0.48,10176.9,10096.8
5/09/17,10179.8,-63.4,-0.62,10287.6,10173.6
4/09/17,10243.2,-82.3,-0.8,10274.7,10229.8
1/09/17,10325.5,-82.3,-0.8,10274.7,10229.8
31/08/17,10299.5,53.7,0.52,10354.3,10275.1
30/08/17,10245.8,53.2,0.52,10274.3,10216.8
29/08/17,10192.6,-93.3,-0.91,10244.7,10134.3
28/08/17,10285.9,-59.4,-0.57,10360.2,10284.2
25/08/17,10345.3,-12.1,-0.12,10419.8,10334.0
24/08/17,10357.4,19.3,0.19,10421.9,10357.2
23/08/17,10338.1,-71.7,-0.69,10445.0,10309.8
22/08/17,10409.8,49.6,0.48,10440.4,10360.2
21/08/17,10360.2,-25.5,-0.25,10418.2,10330.4
18/08/17,10385.7,-58.1,-0.56,10392.5,10284.8
17/08/17,10443.8,-100.5,-0.95,10537.1,10428.6
16/08/17,10544.3,62.8,0.6,10575.9,10517.4
15/08/17,10481.5,20.3,0.19,10508.7,10436.7
14/08/17,10461.2,178.3,1.73,10490.6,10329.3
11/08/17,10282.9,-167.1,-1.6,10399.0,10252.4
10/08/17,10450.0,-146.0,-1.38,10584.3,10416.7
9/08/17,10596.0,-138.7,-1.29,10705.9,10525.1
8/08/17,10734.7,58.2,0.55,10758.2,10665.2
7/08/17,10676.5,18.1,0.17,10689.8,10643.5
4/08/17,10658.4,109.3,1.04,10696.1,10516.4
3/08/17,10549.1,35.2,0.33,10553.8,10416.9
2/08/17,10513.9,-72.8,-0.69,10607.8,10493.1
1/08/17,10586.7,84.5,0.8,10622.2,10510.9
31/07/17,10502.2,-33.9,-0.32,10593.9,10495.4
28/07/17,10536.1,-67.3,-0.63,10577.3,10497.7
27/07/17,10603.4,28.0,0.26,10652.9,10544.4
26/07/17,10575.4,52.0,0.49,10584.6,10508.5
25/07/17,10523.4,76.9,0.74,10621.3,10446.2
24/07/17,10446.5,19.9,0.19,10480.2,10368.1
21/07/17,10426.6,-138.2,-1.31,10562.8,10381.2
20/07/17,10564.8,-23.3,-0.22,10627.2,10534.8
19/07/17,10588.1,63.6,0.6,10588.1,10456.1
18/07/17,10524.5,-126.7,-1.19,10684.6,10511.5
17/07/17,10651.2,-3.9,-0.04,10670.3,10604.2
14/07/17,10655.1,94.7,0.9,10704.3,10619.3
13/07/17,10658.3,97.9,0.93,10674.1,10583.1
12/07/17,10560.4,111.3,1.07,10580.5,10470.5
11/07/17,10449.1,-60.4,-0.57,10536.9,10438.8
10/07/17,10509.5,20.7,0.2,10535.9,10451.4
7/07/17,10488.8,-9.6,-0.09,10505.7,10433.5
6/07/17,10498.4,-25.2,-0.24,10546.2,10402.0
5/07/17,10523.6,-43.1,-0.41,10589.5,10509.5
4/07/17,10566.7,-37.5,-0.35,10611.4,10530.3
3/07/17,10604.2,159.7,1.53,10615.1,10502.2
30/06/17,10444.5,-86.6,-0.82,10583.7,10433.2
29/06/17,10531.1,-171.6,-1.6,10772.0,10514.5
28/06/17,10702.7,54.8,0.51,10716.7,10526.6
27/06/17,10647.9,-48.7,-0.46,10726.2,10643.9
26/06/17,10696.6,65.8,0.62,10757.0,10656.5
23/06/17,10630.8,-79.1,-0.74,10715.5,10596.3
22/06/17,10709.9,-30.8,-0.29,10725.2,10641.9
21/06/17,10740.7,-5.4,-0.05,10761.5,10615.9
20/06/17,10746.1,-102.8,-0.95,10901.5,10746.1
19/06/17,10848.9,89.5,0.83,10884.2,10807.6
16/06/17,10759.4,59.8,0.56,10786.3,10702.1
15/06/17,10699.6,-76.2,-0.71,10751.6,10598.0
14/06/17,10775.8,-76.2,-0.71,10751.6,10598.0
13/06/17,10882.1,-106.3,-0.98,10934.0,10775.3
12/06/17,10842.4,39.7,0.37,10937.0,10846.5
9/06/17,10978.3,-70.2,-0.64,10936.6,10876.1
8/06/17,10953.1,25.2,0.23,11048.0,10884.7
7/06/17,10871.7,81.4,0.75,10981.3,10837.4
6/06/17,10879.7,-3.7,-0.03,10930.4,10761.7
5/06/17,10884.7,-5.0,-0.05,10907.8,10817.9
2/06/17,10905.9,-56.4,-0.52,10913.6,10842.1
1/06/17,10881.0,24.9,0.23,11007.7,10879.6
31/05/17,10880.0,1.0,0.01,10909.1,10836.4
30/05/17,10876.9,3.1,0.03,10957.8,10856.2
29/05/17,10884.0,-7.1,-0.07,10918.5,10788.7
26/05/17,10904.2,-20.2,-0.19,10915.4,10844.8
25/05/17,10937.7,-33.5,-0.31,10918.8,10801.6
24/05/17,10907.4,30.3,0.28,10983.9,10920.7
23/05/17,10916.3,-8.9,-0.08,10942.8,10882.3
22/05/17,10793.4,122.9,1.14,10928.7,10756.5
19/05/17,10835.4,-42.0,-0.39,10851.0,10761.4
18/05/17,10684.9,150.5,1.41,10843.6,10689.9
17/05/17,10786.1,-150.4,-1.39,10756.5,10635.4
16/05/17,10982.4,-196.3,-1.79,10965.9,10761.3
15/05/17,10957.8,24.6,0.22,10991.2,10928.3
12/05/17,10897.0,60.8,0.56,10960.5,10891.9
11/05/17,10861.4,35.6,0.33,10907.6,10836.0
10/05/17,11034.8,-173.4,-1.57,11052.6,10823.9
9/05/17,11049.2,-47.1,-0.42,11135.1,11047.1
8/05/17,11096.3,-39.1,-0.35,11184.4,11036.8
5/05/17,11135.4,122.5,1.11,11135.4,10967.2
4/05/17,11012.9,175.9,1.62,11012.9,10856.4
3/05/17,10837.0,16.7,0.15,10841.1,10769.0
2/05/17,10820.3,104.5,0.98,10820.3,10719.4
28/04/17,10715.8,31.9,0.3,10745.5,10622.8
27/04/17,10683.9,-79.5,-0.74,10722.2,10663.3
26/04/17,10763.4,-19.7,-0.18,10815.3,10710.9
25/04/17,10783.1,16.3,0.15,10828.8,10719.0
24/04/17,10766.8,389.8,3.76,10769.8,10668.0
21/04/17,10377.0,4.5,0.04,10434.4,10307.7
20/04/17,10372.5,2.2,0.02,10473.9,10328.5
19/04/17,10370.3,105.8,1.03,10377.5,10266.0
18/04/17,10264.5,-61.6,-0.6,10370.6,10216.9
13/04/17,10326.1,-34.4,-0.33,10350.4,10264.6
12/04/17,10360.5,-55.8,-0.54,10486.0,10353.8
11/04/17,10416.3,-21.4,-0.21,10463.2,10358.9
10/04/17,10437.7,-91.3,-0.87,10509.0,10436.5
7/04/17,10529.0,10.1,0.1,10529.0,10443.5
6/04/17,10518.9,116.2,1.12,10534.5,10322.0
5/04/17,10402.7,41.5,0.4,10467.3,10369.1
4/04/17,10361.2,35.9,0.35,10361.2,10270.3
3/04/17,10325.3,-137.6,-1.32,10457.7,10324.6
31/03/17,10462.9,57.0,0.55,10462.9,10352.2
30/03/17,10405.9,38.3,0.37,10406.0,10348.5
29/03/17,10367.6,-21.4,-0.21,10424.5,10303.2
28/03/17,10389.0,86.1,0.84,10394.8,10312.9
27/03/17,10302.9,-6.5,-0.06,10302.9,10191.1
24/03/17,10309.4,-15.5,-0.15,10330.3,10276.2
23/03/17,10324.9,95.6,0.93,10324.9,10202.0
22/03/17,10229.3,17.4,0.17,10268.8,10092.8
21/03/17,10211.9,-2.1,-0.02,10334.7,10188.9
20/03/17,10214.0,-31.8,-0.31,10243.0,10189.0
17/03/17,10245.8,77.8,0.77,10250.2,10143.9
16/03/17,10168.0,184.8,1.85,10175.3,10063.7
15/03/17,9983.2,78.1,0.79,10000.1,9913.2
14/03/17,9905.1,-90.8,-0.91,9995.0,9886.9
13/03/17,9995.9,-10.5,-0.1,10023.4,9957.4
10/03/17,10006.4,8.0,0.08,10091.4,9989.1
9/03/17,9998.4,147.9,1.5,10014.5,9837.4
8/03/17,9850.5,48.8,0.5,9881.3,9785.1
7/03/17,9801.7,-2.4,-0.02,9819.8,9767.4
6/03/17,9804.1,5.6,0.06,9825.3,9753.9
3/03/17,9798.5,82.5,0.85,9799.6,9669.2
2/03/17,9716.0,-35.5,-0.36,9762.3,9715.8
1/03/17,9751.5,196.0,2.05,9756.5,9616.6
28/02/17,9555.5,91.2,0.96,9570.7,9484.0
27/02/17,9464.3,10.8,0.11,9499.3,9427.7
24/02/17,9453.5,-39.9,-0.42,9530.4,9383.1
23/02/17,9493.4,16.2,0.17,9541.8,9479.7
22/02/17,9477.2,-83.8,-0.88,9606.1,9439.7
21/02/17,9561.0,34.4,0.36,9591.3,9467.6
20/02/17,9526.6,26.3,0.28,9577.7,9512.0
17/02/17,9500.3,-54.4,-0.57,9571.0,9438.2
16/02/17,9554.7,-29.4,-0.31,9614.6,9526.0
15/02/17,9584.1,73.9,0.78,9612.8,9528.2
14/02/17,9510.2,26.1,0.28,9528.6,9461.0
13/02/17,9484.1,106.0,1.13,9501.3,9387.7
10/02/17,9378.1,-60.3,-0.64,9498.3,9356.0
9/02/17,9438.4,108.7,1.17,9444.9,9318.1
8/02/17,9329.7,-1.8,-0.02,9378.4,9236.6
7/02/17,9331.5,-25.8,-0.28,9389.2,9304.5
6/02/17,9357.3,-105.4,-1.11,9482.0,9337.4
3/02/17,9462.7,56.3,0.6,9482.6,9396.8
2/02/17,9406.4,75.6,0.81,9426.4,9301.5
1/02/17,9330.8,15.6,0.17,9423.3,9304.5
31/01/17,9315.2,-46.1,-0.49,9430.3,9315.2
30/01/17,9361.3,-142.8,-1.5,9472.8,9349.1
27/01/17,9504.1,-8.7,-0.09,9533.5,9420.2
26/01/17,9512.8,-36.5,-0.38,9623.5,9495.5
25/01/17,9549.3,162.1,1.73,9588.8,9479.4
24/01/17,9387.2,82.4,0.89,9387.2,9296.6
23/01/17,9304.8,-75.3,-0.8,9362.4,9279.0
20/01/17,9380.1,1.0,0.01,9439.0,9345.2
19/01/17,9379.1,-7.1,-0.08,9431.3,9327.4
18/01/17,9386.2,-8.7,-0.09,9430.8,9362.2
17/01/17,9394.9,-15.1,-0.16,9429.0,9361.9
16/01/17,9410.0,-101.6,-1.07,9465.2,9407.8
13/01/17,9511.6,104.2,1.11,9524.3,9416.7
12/01/17,9407.4,-1.2,-0.01,9452.3,9343.0
11/01/17,9408.6,-43.4,-0.46,9468.1,9378.6
10/01/17,9452.0,-40.8,-0.43,9497.3,9425.0
9/01/17,9492.8,-23.1,-0.24,9536.9,9446.2
6/01/17,9515.9,27.7,0.29,9515.9,9451.2
5/01/17,9488.2,25.3,0.27,9507.2,9413.6
4/01/17,9462.9,-31.8,-0.33,9538.4,9424.1
3/01/17,9494.7,76.0,0.81,9552.1,9438.8
2/01/17,9418.7,66.6,0.71,9432.6,9318.1
30/12/16,9352.1,25.0,0.27,9352.1,9293.2
29/12/16,9327.1,-17.8,-0.19,9333.4,9269.5
28/12/16,9344.9,-31.7,-0.34,9369.2,9317.7
27/12/16,9376.6,8.9,0.1,9390.9,9346.9
23/12/16,9367.7,34.1,0.37,9377.9,9339.6
22/12/16,9333.6,-38.1,-0.41,9374.8,9297.5
21/12/16,9371.7,-36.2,-0.38,9420.8,9300.3
20/12/16,9407.9,71.2,0.76,9421.5,9322.3
19/12/16,9336.7,-76.1,-0.81,9387.0,9336.0
16/12/16,9412.8,72.0,0.77,9452.9,9299.3
15/12/16,9340.8,122.4,1.33,9354.8,9220.3
14/12/16,9218.4,-112.9,-1.21,9319.4,9207.1
13/12/16,9331.3,144.9,1.58,9341.9,9132.6
12/12/16,9186.4,16.8,0.18,9208.6,9148.5
9/12/16,9169.6,24.2,0.26,9179.4,9093.4
8/12/16,9145.4,185.0,2.06,9179.6,8992.6
7/12/16,8960.4,67.1,0.75,8974.7,8912.6
6/12/16,8893.3,228.6,2.64,8906.6,8670.5
5/12/16,8664.7,57.6,0.67,8750.8,8512.4
2/12/16,8607.1,-62.1,-0.72,8635.6,8576.0
1/12/16,8669.2,-19.0,-0.22,8711.3,8632.7
30/11/16,8688.2,21.2,0.24,8714.9,8638.4
29/11/16,8667.0,47.7,0.55,8697.8,8591.4
28/11/16,8619.3,-55.1,-0.64,8698.9,8586.7
25/11/16,8674.4,17.2,0.2,8674.8,8623.8
24/11/16,8657.2,29.7,0.34,8672.7,8614.6
23/11/16,8627.5,-24.0,-0.28,8673.6,8604.8
22/11/16,8651.5,36.9,0.43,8684.7,8640.7
21/11/16,8614.6,-8.3,-0.1,8660.9,8558.5
18/11/16,8622.9,-95.1,-1.09,8756.3,8581.5
17/11/16,8718.0,79.5,0.92,8718.0,8611.6
16/11/16,8638.5,-48.6,-0.56,8753.1,8563.6
15/11/16,8687.1,28.9,0.33,8707.9,8620.6
14/11/16,8658.2,19.0,0.22,8765.2,8602.1
11/11/16,8639.2,-117.6,-1.34,8840.1,8614.1
10/11/16,8756.8,-144.7,-1.63,9053.9,8708.4
9/11/16,8901.5,-35.5,-0.4,8901.9,8570.4
8/11/16,8937.0,18.2,0.2,8952.0,8859.8
7/11/16,8918.8,127.2,1.45,8960.1,8890.7
4/11/16,8791.6,-88.3,-0.99,8866.1,8755.1
3/11/16,8879.9,6.5,0.07,8929.7,8835.5
2/11/16,8873.4,-167.3,-1.85,8973.9,8864.8
1/11/16,9040.7,-102.6,-1.12,9214.1,9032.0
31/10/16,9143.3,-58.0,-0.63,9171.7,9109.2
28/10/16,9201.3,4.1,0.04,9206.6,9086.0
27/10/16,9197.2,23.9,0.26,9200.0,9102.8
26/10/16,9173.3,33.6,0.37,9183.7,9111.2
25/10/16,9139.7,-76.5,-0.83,9236.6,9116.4
24/10/16,9216.2,115.8,1.27,9255.3,9145.5
21/10/16,9100.4,39.2,0.43,9100.4,9035.6
20/10/16,9061.2,111.1,1.24,9077.2,8961.6
19/10/16,8950.1,84.8,0.96,8956.9,8842.5
18/10/16,8865.3,124.6,1.43,8879.8,8769.9
17/10/16,8740.7,-27.2,-0.31,8784.8,8714.5
14/10/16,8767.9,159.2,1.85,8800.8,8635.5
13/10/16,8608.7,-77.8,-0.9,8634.9,8551.2
12/10/16,8686.5,-6.7,-0.08,8760.0,8677.1
11/10/16,8693.2,-8.3,-0.1,8752.6,8657.5
10/10/16,8701.5,77.2,0.9,8713.7,8566.7
7/10/16,8624.3,-133.1,-1.52,8762.3,8596.0
6/10/16,8757.4,-20.9,-0.24,8846.4,8742.3
5/10/16,8778.3,9.3,0.11,8788.2,8669.3
4/10/16,8769.0,17.4,0.2,8810.1,8741.2
3/10/16,8751.6,-27.8,-0.32,8788.9,8707.2
30/09/16,8779.4,-16.9,-0.19,8805.4,8543.1
29/09/16,8796.3,55.9,0.64,8864.8,8778.4
28/09/16,8740.4,52.2,0.6,8806.5,8715.8
27/09/16,8688.2,-23.2,-0.27,8781.0,8634.2
26/09/16,8711.4,-112.2,-1.27,8765.4,8630.0
23/09/16,8823.6,-111.3,-1.25,8893.9,8785.8
22/09/16,8934.9,176.4,2.01,8966.1,8815.3
21/09/16,8758.5,72.4,0.83,8837.4,8748.0
20/09/16,8686.1,-29.4,-0.34,8735.2,8649.5
19/09/16,8715.5,82.1,0.95,8736.3,8689.5
16/09/16,8633.4,-87.1,-1.0,8725.1,8603.3
15/09/16,8720.5,18.1,0.21,8742.8,8665.4
14/09/16,8702.4,-21.8,-0.25,8779.6,8684.2
13/09/16,8724.2,-142.4,-1.61,8924.0,8724.2
12/09/16,8866.6,-158.9,-1.76,8880.7,8790.8
9/09/16,9025.5,-75.6,-0.83,9135.8,9004.8
8/09/16,9101.1,85.8,0.95,9115.6,8974.9
7/09/16,9015.3,115.8,1.3,9021.9,8908.7
6/09/16,8899.5,-53.8,-0.6,8996.3,8893.9
5/09/16,8953.3,44.4,0.5,8979.3,8913.5
2/09/16,8908.9,146.1,1.67,8912.6,8743.2
1/09/16,8762.8,46.0,0.53,8884.9,8730.8
31/08/16,8716.8,31.4,0.36,8780.7,8671.4
30/08/16,8685.4,69.0,0.8,8731.9,8629.0
29/08/16,8616.4,-43.1,-0.5,8660.9,8573.7
26/08/16,8659.5,60.0,0.7,8673.9,8566.5
25/08/16,8599.5,-56.0,-0.65,8628.1,8555.0
24/08/16,8655.5,74.6,0.87,8665.9,8509.8
23/08/16,8580.9,112.9,1.33,8602.4,8506.3
22/08/16,8468.0,17.4,0.21,8522.8,8407.6
19/08/16,8450.6,-99.5,-1.16,8556.3,8393.5
18/08/16,8550.1,63.1,0.74,8555.1,8481.3
17/08/16,8487.0,-134.7,-1.56,8652.7,8485.6
16/08/16,8621.7,-98.9,-1.13,8714.3,8621.7
15/08/16,8720.6,4.2,0.05,8753.6,8694.6
12/08/16,8716.4,-3.1,-0.04,8747.6,8698.0
11/08/16,8719.5,60.6,0.7,8719.5,8626.5
10/08/16,8658.9,-6.5,-0.08,8688.6,8598.7
9/08/16,8665.4,102.9,1.2,8673.9,8531.8
8/08/16,8562.5,23.1,0.27,8632.4,8548.1
5/08/16,8539.4,153.9,1.84,8552.5,8422.0
4/08/16,8385.5,122.0,1.48,8424.6,8318.6
3/08/16,8263.5,-13.8,-0.17,8329.7,8229.4
2/08/16,8277.3,-236.1,-2.77,8498.2,8256.6
1/08/16,8513.4,-73.8,-0.86,8679.1,8496.8
29/07/16,8587.2,108.0,1.27,8619.0,8505.6
28/07/16,8479.2,-182.2,-2.1,8659.1,8479.2
27/07/16,8661.4,101.2,1.18,8720.2,8581.6
26/07/16,8560.2,-15.5,-0.18,8587.3,8485.8
25/07/16,8575.7,-24.2,-0.28,8647.6,8537.1
22/07/16,8599.9,16.3,0.19,8618.9,8516.3
21/07/16,8583.6,8.1,0.09,8620.9,8501.0
20/07/16,8575.5,90.3,1.06,8576.6,8470.3
19/07/16,8485.2,-39.2,-0.46,8559.0,8439.3
18/07/16,8524.4,-6.6,-0.08,8609.1,8446.3
15/07/16,8531.0,-21.3,-0.25,8582.3,8446.2
14/07/16,8552.3,78.4,0.93,8593.8,8454.2
13/07/16,8473.9,-32.1,-0.38,8580.3,8426.4
12/07/16,8506.0,200.9,2.42,8528.3,8292.6
11/07/16,8305.1,119.2,1.46,8319.7,8168.7
8/07/16,8185.9,177.7,2.22,8242.8,7961.2
7/07/16,8008.2,82.0,1.03,8064.4,7966.3
6/07/16,7926.2,-141.4,-1.75,8040.1,7857.8
5/07/16,8067.6,-188.3,-2.28,8196.0,8050.4
4/07/16,8255.9,-13.0,-0.16,8328.1,8229.4
1/07/16,8268.9,105.6,1.29,8304.4,8134.1
30/06/16,8163.3,58.0,0.72,8186.8,7993.9
29/06/16,8105.3,270.3,3.45,8105.3,7935.1
28/06/16,7835.0,189.5,2.48,7916.9,7793.7
27/06/16,7645.5,-142.2,-1.83,8053.2,7579.8
24/06/16,7787.7,-1097.6,-12.35,8328.4,7743.4
23/06/16,8885.3,183.3,2.11,8912.0,8684.8
22/06/16,8702.0,34.7,0.4,8774.3,8605.7
21/06/16,8667.3,20.2,0.23,8697.9,8607.7
20/06/16,8647.1,285.1,3.41,8652.1,8578.6
17/06/16,8362.0,162.1,1.98,8425.2,8278.3
16/06/16,8199.9,-50.9,-0.62,8220.6,8107.0
15/06/16,8250.8,124.1,1.53,8315.8,8193.3
14/06/16,8126.7,-177.1,-2.13,8270.4,8124.8
13/06/16,8303.8,-186.7,-2.2,8424.9,8291.5
10/06/16,8490.5,-279.0,-3.18,8732.6,8486.8
9/06/16,8769.5,-61.9,-0.7,8832.7,8751.3
8/06/16,8831.4,-63.1,-0.71,8866.9,8798.2
7/06/16,8894.5,71.0,0.8,8945.9,8865.8
6/06/16,8823.5,21.9,0.25,8870.9,8785.6
3/06/16,8801.6,-156.3,-1.74,9038.4,8756.8
2/06/16,8957.9,41.0,0.46,9056.6,8907.5
1/06/16,8916.9,-117.1,-1.3,9033.4,8880.9
31/05/16,9034.0,-82.9,-0.91,9155.5,9013.2
30/05/16,9116.9,9.6,0.11,9134.0,9066.5
27/05/16,9107.3,28.1,0.31,9126.3,9026.6
26/05/16,9079.2,-45.8,-0.5,9101.8,9020.4
25/05/16,9125.0,206.9,2.32,9149.3,8982.1
24/05/16,8918.1,204.1,2.34,8938.8,8670.9
23/05/16,8714.0,-57.2,-0.65,8809.9,8677.3
20/05/16,8771.2,96.5,1.11,8793.8,8713.8
19/05/16,8674.7,-100.4,-1.14,8785.2,8669.6
18/05/16,8775.1,76.4,0.88,8797.2,8632.8
17/05/16,8698.7,16.6,0.19,8829.5,8645.8
16/05/16,8682.1,-39.4,-0.45,8701.6,8579.8
13/05/16,8721.5,58.4,0.67,8752.6,8596.3
12/05/16,8663.1,-0.8,-0.01,8787.0,8582.2
11/05/16,8663.9,-111.3,-1.27,8793.7,8614.1
10/05/16,8775.2,114.4,1.32,8831.1,8711.8
9/05/16,8660.8,-41.3,-0.47,8839.7,8643.6
6/05/16,8702.1,12.7,0.15,8768.3,8563.9
5/05/16,8689.4,35.1,0.41,8792.5,8660.9
4/05/16,8654.3,-110.6,-1.26,8802.3,8648.6
3/05/16,8764.9,-257.2,-2.85,9015.1,8753.7
2/05/16,9022.1,-3.6,-0.04,9092.6,8980.8
29/04/16,9025.7,-243.3,-2.62,9195.9,9025.7
28/04/16,9269.0,-63.6,-0.68,9269.0,9085.5
27/04/16,9332.6,49.6,0.53,9360.2,9277.0
26/04/16,9283.0,143.0,1.56,9299.5,9162.7
25/04/16,9140.0,-92.8,-1.01,9257.5,9123.7
22/04/16,9232.8,35.6,0.39,9244.4,9161.6
21/04/16,9197.2,50.0,0.55,9218.7,9120.6
20/04/16,9147.2,175.9,1.96,9161.9,8940.0
19/04/16,8971.3,89.7,1.01,9004.2,8890.2
18/04/16,8881.6,30.7,0.35,8891.5,8674.1
15/04/16,8850.9,-10.6,-0.12,8886.6,8809.3
14/04/16,8861.5,40.8,0.46,8870.9,8743.5
13/04/16,8820.7,274.4,3.21,8820.7,8596.1
12/04/16,8546.3,48.7,0.57,8587.9,8425.6
11/04/16,8497.6,70.0,0.83,8563.4,8344.4
8/04/16,8427.6,134.7,1.62,8462.8,8309.9
7/04/16,8292.9,-105.7,-1.26,8431.4,8256.1
6/04/16,8398.6,10.9,0.13,8468.9,8340.2
5/04/16,8387.7,-209.8,-2.44,8491.5,8377.7
4/04/16,8597.5,-4.8,-0.06,8712.9,8552.2
1/04/16,8602.3,-120.8,-1.38,8677.2,8531.8
31/03/16,8723.1,-147.1,-1.66,8827.9,8698.3
30/03/16,8870.2,61.9,0.7,8960.7,8856.1
29/03/16,8808.3,18.5,0.21,8906.5,8751.5
24/03/16,8789.8,-137.3,-1.54,8890.8,8781.7
23/03/16,8927.1,-64.9,-0.72,9046.0,8880.2
22/03/16,8992.0,-29.0,-0.32,8992.0,8840.4
18/03/16,9051.1,72.3,0.81,9074.5,8904.7
17/03/16,8978.8,16.0,0.18,9071.2,8782.8
16/03/16,8962.8,-25.5,-0.28,9062.0,8898.6
15/03/16,8988.3,-154.4,-1.69,9122.2,8961.6
14/03/16,9142.7,52.1,0.57,9217.3,9120.1
11/03/16,9090.6,323.7,3.69,9101.3,8913.6
10/03/16,8766.9,5.8,0.07,9105.8,8730.6
9/03/16,8761.1,20.8,0.24,8889.6,8741.0
8/03/16,8740.3,-46.5,-0.53,8848.8,8663.2
7/03/16,8786.8,-24.8,-0.28,8834.7,8672.8
4/03/16,8811.6,44.6,0.51,8877.9,8734.6
3/03/16,8767.0,2.5,0.03,8812.0,8692.9
2/03/16,8764.5,153.5,1.78,8778.5,8641.2
1/03/16,8611.0,149.6,1.77,8611.6,8423.6
29/02/16,8461.4,112.2,1.34,8463.4,8222.6
26/02/16,8349.2,133.6,1.63,8397.8,8265.2
25/02/16,8215.6,201.9,2.52,8260.2,8103.5
24/02/16,8013.7,-253.9,-3.07,8269.1,7968.1
23/02/16,8267.6,-119.4,-1.42,8447.8,8259.0
22/02/16,8387.0,192.8,2.35,8399.3,8281.7
19/02/16,8194.2,-101.2,-1.22,8335.2,8105.0
18/02/16,8295.4,-69.5,-0.83,8479.6,8255.4
17/02/16,8364.9,227.3,2.79,8366.9,8140.9
16/02/16,8137.6,-41.6,-0.51,8262.8,8095.4
15/02/16,8179.2,258.4,3.26,8217.5,8081.4
12/02/16,7920.8,174.5,2.25,7920.8,7771.2
11/02/16,7746.3,-397.4,-4.88,8047.3,7746.3
10/02/16,8143.7,216.1,2.73,8249.8,7920.9
9/02/16,7927.6,-194.5,-2.39,8212.6,7862.0
8/02/16,8122.1,-377.4,-4.44,8540.9,8083.4
5/02/16,8499.5,31.4,0.37,8615.0,8411.3
4/02/16,8468.1,153.6,1.85,8521.7,8287.0
3/02/16,8314.5,-214.2,-2.51,8519.7,8180.4
2/02/16,8528.7,-259.8,-2.96,8772.5,8478.5
1/02/16,8788.5,-27.3,-0.31,8896.5,8718.4
29/01/16,8815.8,225.2,2.62,8815.8,8671.6
28/01/16,8590.6,-150.4,-1.72,8811.4,8516.8
27/01/16,8741.0,48.5,0.56,8741.0,8608.9
26/01/16,8692.5,124.8,1.46,8698.0,8402.3
25/01/16,8567.7,-155.2,-1.78,8763.2,8525.9
22/01/16,8722.9,278.7,3.3,8795.7,8565.7
21/01/16,8444.2,162.8,1.97,8502.5,8277.1
20/01/16,8281.4,-273.5,-3.2,8398.4,8206.0
19/01/16,8554.9,85.6,1.01,8656.9,8527.5
18/01/16,8469.3,-74.3,-0.87,8627.1,8427.3
15/01/16,8543.6,-244.1,-2.78,8796.4,8491.9
14/01/16,8787.7,-146.8,-1.64,8854.5,8662.2
13/01/16,8934.5,19.1,0.21,9074.0,8877.9
12/01/16,8915.4,29.3,0.33,9041.5,8818.9
11/01/16,8886.1,-23.1,-0.26,9022.0,8835.1
8/01/16,8909.2,-150.1,-1.66,9138.0,8909.2
7/01/16,9059.3,-138.1,-1.5,9103.0,8889.7
6/01/16,9197.4,-137.8,-1.48,9330.3,9122.6
5/01/16,9335.2,22.0,0.24,9446.2,9260.2
4/01/16,9313.2,-231.0,-2.42,9440.9,9263.7
31/12/15,9544.2,-97.7,-1.01,9615.6,9538.8
30/12/15,9641.9,-28.5,-0.29,9696.4,9607.9
29/12/15,9670.4,117.9,1.23,9677.7,9606.4
28/12/15,9552.5,-130.4,-1.35,9724.9,9533.0
24/12/15,9682.9,41.9,0.43,9706.2,9653.1
23/12/15,9641.0,225.4,2.39,9661.9,9503.9
22/12/15,9415.6,49.8,0.53,9456.3,9351.8
21/12/15,9365.8,-351.3,-3.62,9558.2,9365.8
18/12/15,9717.1,-161.4,-1.63,9874.2,9644.9
17/12/15,9878.5,167.5,1.72,10000.4,9850.9
16/12/15,9711.0,-0.6,-0.01,9817.4,9635.7
15/12/15,9711.6,283.1,3.0,9747.5,9492.5
14/12/15,9428.5,-202.2,-2.1,9732.1,9428.5
11/12/15,9630.7,-148.0,-1.51,9791.6,9606.8
10/12/15,9778.7,-56.8,-0.58,9872.5,9719.4
9/12/15,9835.5,-1.6,-0.02,9932.1,9713.2
8/12/15,9837.1,-205.3,-2.04,10031.2,9790.4
7/12/15,10042.4,-36.3,-0.36,10158.2,10021.9
4/12/15,10078.7,-14.2,-0.14,10131.5,9931.1
3/12/15,10092.9,-249.1,-2.41,10476.6,10083.3
2/12/15,10342.0,-37.2,-0.36,10447.0,10323.5
1/12/15,10379.2,-7.7,-0.07,10469.2,10344.9
30/11/15,10386.9,76.2,0.74,10430.3,10275.9
27/11/15,10310.7,-21.6,-0.21,10390.7,10264.5
26/11/15,10332.3,105.0,1.03,10352.9,10174.8
25/11/15,10227.3,20.1,0.2,10247.1,10083.1
24/11/15,10207.2,-70.2,-0.68,10231.3,10045.6
23/11/15,10277.4,-12.9,-0.13,10307.7,10206.8
20/11/15,10290.3,-64.4,-0.62,10385.0,10247.6
19/11/15,10354.7,93.6,0.91,10408.4,10325.7
18/11/15,10261.1,-102.7,-0.99,10307.4,10226.5
17/11/15,10363.8,239.3,2.36,10376.0,10199.6
16/11/15,10124.5,13.1,0.13,10158.1,10005.2
13/11/15,10111.4,-32.6,-0.32,10201.2,10012.3
12/11/15,10144.0,-233.2,-2.25,10369.0,10113.4
11/11/15,10377.2,40.4,0.39,10463.1,10344.2
10/11/15,10336.8,11.6,0.11,10376.3,10244.3
9/11/15,10325.2,-128.0,-1.22,10476.9,10322.9
6/11/15,10453.2,22.0,0.21,10500.3,10318.5
5/11/15,10431.2,-42.3,-0.4,10552.7,10385.0
4/11/15,10473.5,8.3,0.08,10631.6,10454.0
3/11/15,10465.2,47.0,0.45,10465.2,10375.4
2/11/15,10418.2,57.5,0.55,10463.5,10259.1
30/10/15,10360.7,-36.5,-0.35,10405.7,10258.7
29/10/15,10397.2,-24.7,-0.24,10455.2,10298.1
28/10/15,10421.9,99.5,0.96,10440.1,10296.8
27/10/15,10322.4,-155.9,-1.49,10458.2,10300.7
26/10/15,10478.3,2.0,0.02,10517.6,10408.6
23/10/15,10476.3,110.9,1.07,10591.9,10418.2
22/10/15,10365.4,207.9,2.05,10402.5,10109.5
21/10/15,10157.5,56.9,0.56,10188.3,10004.0
20/10/15,10100.6,-106.7,-1.05,10217.0,10055.1
19/10/15,10207.3,-24.2,-0.24,10310.4,10164.7
16/10/15,10231.5,129.8,1.28,10244.0,10153.1
15/10/15,10101.7,64.1,0.64,10132.7,10055.1
14/10/15,10037.6,-77.7,-0.77,10129.0,9992.4
13/10/15,10115.3,-131.1,-1.28,10229.3,10049.8
12/10/15,10246.4,-63.2,-0.61,10379.0,10208.5
9/10/15,10309.6,128.4,1.26,10354.1,10224.9
8/10/15,10181.2,11.2,0.11,10190.3,10063.2
7/10/15,10170.0,66.7,0.66,10289.8,10119.9
6/10/15,10103.3,132.0,1.32,10138.2,9909.5
5/10/15,9971.3,367.7,3.83,9980.9,9731.5
2/10/15,9603.6,36.3,0.38,9688.1,9428.8
1/10/15,9567.3,7.4,0.08,9718.0,9543.8
30/09/15,9559.9,166.0,1.77,9606.3,9491.1
29/09/15,9393.9,-0.3,-0.0,9514.4,9264.4
28/09/15,9394.2,-125.3,-1.32,9598.6,9357.4
25/09/15,9519.5,228.1,2.45,9575.3,9430.2
24/09/15,9291.4,-183.2,-1.93,9540.2,9231.3
23/09/15,9474.6,-75.6,-0.79,9659.1,9463.9
22/09/15,9550.2,-306.6,-3.11,9857.8,9528.2
21/09/15,9856.8,9.6,0.1,9952.0,9820.3
18/09/15,9847.2,-259.4,-2.57,10050.3,9801.7
17/09/15,10106.6,129.8,1.3,10141.8,9988.9
16/09/15,9976.8,194.3,1.99,9983.0,9843.0
15/09/15,9782.5,86.1,0.89,9834.8,9620.7
14/09/15,9696.4,-41.5,-0.43,9836.9,9685.6
11/09/15,9737.9,-121.1,-1.23,9886.0,9722.7
10/09/15,9859.0,-178.8,-1.78,9989.7,9840.0
9/09/15,10037.8,171.6,1.74,10193.0,10031.1
8/09/15,9866.2,60.8,0.62,9987.7,9857.6
7/09/15,9805.4,-16.4,-0.17,9931.8,9796.6
4/09/15,9821.8,-220.6,-2.2,9950.8,9737.9
3/09/15,10042.4,104.1,1.05,10118.7,9945.9
2/09/15,9938.3,-54.5,-0.55,10071.1,9855.8
1/09/15,9992.8,-266.2,-2.59,10148.5,9921.1
31/08/15,10259.0,-93.9,-0.91,10319.1,10190.4
28/08/15,10352.9,62.7,0.61,10352.9,10235.7
27/08/15,10290.2,305.7,3.06,10357.3,10176.2
26/08/15,9984.5,-130.9,-1.29,10132.9,9875.4
25/08/15,10115.4,358.8,3.68,10168.1,9819.9
24/08/15,9756.6,-515.1,-5.01,10078.0,9502.4
21/08/15,10271.7,-315.3,-2.98,10576.2,10270.2
20/08/15,10587.0,-195.4,-1.81,10797.5,10564.8
19/08/15,10782.4,-115.5,-1.06,10905.3,10776.8
18/08/15,10897.9,-2.4,-0.02,10952.2,10846.1
17/08/15,10900.3,21.0,0.19,11023.3,10774.4
14/08/15,10879.3,-68.6,-0.63,11034.3,10851.6
13/08/15,10947.9,67.8,0.62,11057.1,10938.5
12/08/15,10880.1,-272.2,-2.44,11054.4,10840.3
11/08/15,11152.3,-159.4,-1.41,11319.1,11137.8
10/08/15,11311.7,133.5,1.19,11330.0,11129.3
7/08/15,11178.2,-75.4,-0.67,11264.0,11176.8
6/08/15,11253.6,-25.9,-0.23,11327.0,11239.4
5/08/15,11279.5,129.0,1.16,11302.9,11184.7
4/08/15,11150.5,-115.4,-1.02,11244.8,11098.5
3/08/15,11265.9,85.2,0.76,11288.5,11141.2
31/07/15,11180.7,12.1,0.11,11200.9,11039.5
30/07/15,11168.6,-114.3,-1.01,11362.4,11117.6
29/07/15,11282.9,30.5,0.27,11325.6,11185.8
28/07/15,11252.4,107.0,0.96,11294.0,11168.1
27/07/15,11145.4,-163.9,-1.45,11264.2,11136.7
24/07/15,11309.3,-132.6,-1.16,11460.3,11300.9
23/07/15,11441.9,-42.4,-0.37,11553.6,11429.4
22/07/15,11484.3,25.7,0.22,11525.4,11365.5
21/07/15,11458.6,-97.5,-0.84,11579.7,11432.1
20/07/15,11556.1,75.4,0.66,11612.6,11499.4
17/07/15,11480.7,-29.9,-0.26,11551.0,11472.6
16/07/15,11510.6,174.9,1.54,11536.3,11398.6
15/07/15,11335.7,77.4,0.69,11360.4,11234.3
14/07/15,11258.3,34.1,0.3,11258.3,11140.8
13/07/15,11224.2,188.1,1.7,11253.5,11121.8
10/07/15,11036.1,329.7,3.08,11069.8,10896.9
9/07/15,10706.4,276.1,2.65,10761.1,10463.6
8/07/15,10430.3,84.3,0.81,10478.7,10316.4
7/07/15,10346.0,-194.1,-1.84,10588.5,10332.1
6/07/15,10540.1,-239.7,-2.22,10653.7,10496.0
3/07/15,10779.8,-66.6,-0.61,10860.7,10730.0
2/07/15,10846.4,-65.1,-0.6,10960.7,10835.5
1/07/15,10911.5,142.0,1.32,11036.9,10784.3
30/06/15,10769.5,-84.4,-0.78,10954.5,10723.2
29/06/15,10853.9,-518.4,-4.56,11202.6,10816.4
26/06/15,11372.3,63.9,0.57,11434.8,11199.9
25/06/15,11308.4,-13.5,-0.12,11441.3,11213.1
24/06/15,11321.9,-80.6,-0.71,11420.1,11220.4
23/06/15,11402.5,34.3,0.3,11497.1,11384.5
22/06/15,11368.2,423.9,3.87,11394.2,11168.9
19/06/15,10944.3,72.4,0.67,11029.1,10880.8
18/06/15,10871.9,58.5,0.54,10888.4,10654.3
17/06/15,10813.4,-58.0,-0.53,10933.9,10779.5
16/06/15,10871.4,29.3,0.27,10895.5,10659.7
15/06/15,10842.1,-188.4,-1.71,10939.9,10775.6
12/06/15,11030.5,-126.2,-1.13,11159.3,10932.6
11/06/15,11156.7,59.2,0.53,11231.3,11085.1
10/06/15,11097.5,159.4,1.46,11138.4,10854.4
9/06/15,10938.1,20.8,0.19,10945.0,10750.0
8/06/15,10917.3,-144.7,-1.31,11056.1,10917.3
5/06/15,11062.0,-84.1,-0.75,11127.9,10984.1
4/06/15,11146.1,-121.5,-1.08,11292.7,11070.0
3/06/15,11267.6,-3.8,-0.03,11361.8,11201.1
2/06/15,11271.4,33.3,0.3,11369.1,11151.3
1/06/15,11238.1,20.5,0.18,11343.2,11180.5
29/05/15,11217.6,-165.2,-1.45,11402.7,11192.1
28/05/15,11382.8,-48.3,-0.42,11450.7,11291.9
27/05/15,11431.1,190.8,1.7,11467.8,11247.2
26/05/15,11240.3,-82.0,-0.72,11344.7,11169.4
25/05/15,11322.3,-231.9,-2.01,11455.3,11262.1
22/05/15,11554.2,-41.2,-0.36,11609.9,11533.7
21/05/15,11595.4,21.3,0.18,11595.4,11515.7
20/05/15,11574.1,76.4,0.66,11588.7,11460.6
19/05/15,11497.7,152.7,1.35,11537.8,11404.0
18/05/15,11345.0,27.7,0.24,11368.0,11203.1
15/05/15,11317.3,-81.4,-0.71,11438.8,11265.9
14/05/15,11398.7,74.1,0.65,11428.3,11203.9
13/05/15,11324.6,2.0,0.02,11430.9,11282.4
12/05/15,11322.6,-123.2,-1.08,11354.0,11221.5
11/05/15,11445.8,21.1,0.18,11481.6,11377.7
8/05/15,11424.7,244.4,2.19,11424.7,11212.9
7/05/15,11180.3,16.7,0.15,11214.8,10928.2
6/05/15,11163.6,48.0,0.43,11232.8,11048.3
5/05/15,11115.6,-313.5,-2.74,11503.9,11102.9
4/05/15,11429.1,44.1,0.39,11501.8,11280.5
30/04/15,11385.0,6.1,0.05,11469.2,11258.0
29/04/15,11378.9,-228.8,-1.97,11651.9,11371.5
28/04/15,11607.7,-32.5,-0.28,11684.6,11543.0
27/04/15,11640.2,134.8,1.17,11679.8,11365.5
24/04/15,11505.4,79.6,0.7,11605.5,11434.6
23/04/15,11425.8,26.6,0.23,11461.1,11291.3
22/04/15,11399.2,-23.1,-0.2,11480.4,11276.3
21/04/15,11422.3,37.7,0.33,11504.0,11368.2
20/04/15,11384.6,25.2,0.22,11418.8,11306.4
17/04/15,11359.4,-252.3,-2.17,11598.0,11299.9
16/04/15,11611.7,-166.7,-1.42,11772.3,11580.3
15/04/15,11778.4,73.7,0.63,11815.6,11710.4
14/04/15,11704.7,-161.7,-1.36,11862.6,11645.6
13/04/15,11866.4,117.1,1.0,11884.6,11760.8
10/04/15,11749.3,14.7,0.13,11778.0,11679.2
9/04/15,11734.6,79.1,0.68,11747.3,11655.2
8/04/15,11655.5,-75.0,-0.64,11771.4,11615.8
7/04/15,11730.5,96.5,0.83,11771.8,11669.3
2/04/15,11634.0,64.2,0.55,11649.9,11559.2
1/04/15,11569.8,48.7,0.42,11662.8,11454.3
31/03/15,11521.1,-8.0,-0.07,11596.1,11444.6
30/03/15,11529.1,101.7,0.89,11543.2,11432.3
27/03/15,11427.4,-26.4,-0.23,11524.2,11403.9
26/03/15,11453.8,-10.9,-0.1,11453.8,11294.7
25/03/15,11464.7,-114.6,-0.99,11591.7,11449.3
24/03/15,11579.3,126.5,1.1,11618.3,11409.9
23/03/15,11452.8,33.2,0.29,11465.4,11364.3
20/03/15,11419.6,328.6,2.96,11458.3,11090.2
19/03/15,11091.0,41.0,0.37,11146.5,11040.2
18/03/15,11050.0,21.9,0.2,11076.0,10957.7
17/03/15,11028.1,-86.6,-0.78,11129.0,10953.7
16/03/15,11114.7,80.9,0.73,11146.7,11077.4
13/03/15,11033.8,22.0,0.2,11077.7,10993.5
12/03/15,11011.8,-10.0,-0.09,11068.0,10993.1
11/03/15,11021.8,119.6,1.1,11048.2,10908.0
10/03/15,10902.2,-152.0,-1.38,11081.2,10858.4
9/03/15,11054.2,-37.7,-0.34,11078.8,10962.4
6/03/15,11091.9,-32.5,-0.29,11158.9,11070.2
5/03/15,11124.4,73.1,0.66,11154.3,11039.2
4/03/15,11051.3,36.6,0.33,11079.3,10921.4
3/03/15,11014.7,-163.8,-1.47,11212.8,11001.7
2/03/15,11178.5,0.2,0.0,11239.8,11123.3
27/02/15,11178.3,38.8,0.35,11184.5,11070.8
26/02/15,11139.5,90.0,0.81,11145.9,11014.4
25/02/15,11049.5,-15.0,-0.14,11072.5,11011.7
24/02/15,11064.5,74.4,0.68,11082.7,10951.1
23/02/15,10990.1,110.8,1.02,11015.4,10935.1
20/02/15,10879.3,-31.1,-0.29,10916.8,10759.0
19/02/15,10910.4,105.1,0.97,10918.4,10726.3
18/02/15,10805.3,107.3,1.0,10852.6,10764.1
17/02/15,10698.0,8.5,0.08,10730.1,10526.6
16/02/15,10689.5,-50.0,-0.47,10793.1,10679.9
13/02/15,10739.5,177.3,1.68,10794.9,10606.7
12/02/15,10562.2,197.4,1.9,10607.1,10328.5
11/02/15,10364.8,-135.3,-1.29,10516.5,10342.8
10/02/15,10500.1,135.2,1.3,10561.4,10338.6
9/02/15,10364.9,-208.2,-1.97,10473.3,10289.7
6/02/15,10573.1,37.6,0.36,10606.8,10497.5
5/02/15,10535.5,-42.3,-0.4,10535.5,10388.9
4/02/15,10577.8,-20.4,-0.19,10688.0,10497.4
3/02/15,10598.2,270.1,2.62,10634.2,10414.6
2/02/15,10328.1,-75.2,-0.72,10401.0,10136.4
30/01/15,10403.3,-104.3,-0.99,10581.6,10336.1
29/01/15,10507.6,50.7,0.48,10513.1,10320.8
28/01/15,10456.9,-142.0,-1.34,10687.0,10395.6
27/01/15,10598.9,-97.2,-0.91,10707.1,10528.1
26/01/15,10696.1,114.6,1.08,10716.9,10451.0
23/01/15,10581.5,70.9,0.67,10693.0,10532.4
22/01/15,10510.6,175.3,1.7,10560.9,10339.6
21/01/15,10335.3,51.4,0.5,10340.3,10147.0
20/01/15,10283.9,126.4,1.24,10332.3,10186.7
19/01/15,10157.5,118.6,1.18,10193.8,10036.7
16/01/15,10038.9,56.4,0.56,10060.2,9882.1
15/01/15,9982.5,136.5,1.39,10008.9,9646.4
14/01/15,9846.0,-120.0,-1.2,10013.8,9778.9
13/01/15,9966.0,168.5,1.72,9996.1,9757.3
12/01/15,9797.5,78.5,0.81,9882.1,9682.1
9/01/15,9719.0,-396.0,-3.91,10080.0,9610.1
8/01/15,10115.0,223.6,2.26,10143.0,9970.3
7/01/15,9891.4,20.3,0.21,10051.2,9836.4
6/01/15,9871.1,-122.2,-1.22,10060.8,9871.1
5/01/15,9993.3,-357.5,-3.45,10390.8,9977.8
2/01/15,10350.8,71.3,0.69,10440.3,10232.3
31/12/14,10279.5,0.3,0.0,10305.8,10253.5
30/12/14,10279.2,-115.0,-1.11,10365.4,10269.4
29/12/14,10394.2,-87.6,-0.84,10446.3,10216.2
24/12/14,10481.8,4.1,0.04,10495.9,10437.8
23/12/14,10477.7,106.7,1.03,10477.7,10314.4
22/12/14,10371.0,7.4,0.07,10458.0,10294.9
19/12/14,10363.6,-27.7,-0.27,10500.1,10186.7
18/12/14,10391.3,341.8,3.4,10391.3,10167.2
17/12/14,10049.5,-32.4,-0.32,10100.5,9916.9
16/12/14,10081.9,178.0,1.8,10095.1,9661.0
15/12/14,9903.9,-241.1,-2.38,10268.2,9900.3
12/12/14,10145.0,-286.8,-2.75,10407.5,10127.5
11/12/14,10431.8,34.9,0.34,10505.8,10322.7
10/12/14,10396.9,-64.7,-0.62,10593.3,10347.2
9/12/14,10461.6,-343.6,-3.18,10707.3,10461.2
8/12/14,10805.2,-95.5,-0.88,10919.3,10805.2
5/12/14,10900.7,280.8,2.64,10906.1,10718.1
4/12/14,10619.9,-256.0,-2.35,10928.3,10587.0
3/12/14,10875.9,126.7,1.18,10903.1,10754.9
2/12/14,10749.2,76.4,0.72,10763.0,10653.2
1/12/14,10672.8,-97.9,-0.91,10757.6,10648.2
28/11/14,10770.7,43.1,0.4,10772.2,10656.5
27/11/14,10727.6,80.6,0.76,10745.4,10629.1
26/11/14,10647.0,-52.6,-0.49,10736.4,10610.1
25/11/14,10699.6,57.1,0.54,10792.3,10609.4
24/11/14,10642.5,121.7,1.16,10715.1,10528.8
21/11/14,10520.8,311.6,3.05,10542.5,10209.0
20/11/14,10209.2,-167.6,-1.62,10351.5,10132.2
19/11/14,10376.8,-56.1,-0.54,10451.8,10328.9
18/11/14,10432.9,123.9,1.2,10466.3,10296.3
17/11/14,10309.0,161.0,1.59,10336.3,10040.9
14/11/14,10148.0,7.6,0.07,10195.1,10056.8
13/11/14,10140.4,-16.9,-0.17,10252.3,10044.2
12/11/14,10157.3,-181.5,-1.76,10342.6,10136.4
11/11/14,10338.8,65.8,0.64,10418.4,10296.1
10/11/14,10273.0,146.7,1.45,10282.4,10052.2
7/11/14,10126.3,-135.5,-1.32,10311.5,10017.5
6/11/14,10261.8,-15.1,-0.15,10463.3,10175.3
5/11/14,10276.9,122.5,1.21,10310.6,10131.2
4/11/14,10154.4,-220.0,-2.12,10455.2,10140.5
3/11/14,10374.4,-103.4,-0.99,10508.8,10333.3
31/10/14,10477.8,214.1,2.09,10513.3,10324.8
30/10/14,10263.7,15.9,0.16,10340.3,9994.8
29/10/14,10247.8,-147.0,-1.41,10441.1,10204.8
28/10/14,10394.8,199.6,1.96,10423.4,10248.6
27/10/14,10195.2,-144.1,-1.39,10474.8,10093.4
24/10/14,10339.3,5.6,0.05,10369.0,10260.7
23/10/14,10333.7,83.8,0.82,10359.0,10127.0
22/10/14,10249.9,97.8,0.96,10249.9,10067.0
21/10/14,10152.1,236.9,2.39,10167.8,9851.5
20/10/14,9915.2,-41.6,-0.42,9958.9,9802.8
17/10/14,9956.8,287.1,2.97,9977.4,9651.1
16/10/14,9669.7,-168.8,-1.72,9942.0,9370.5
15/10/14,9838.5,-366.4,-3.59,10225.6,9774.9
14/10/14,10204.9,17.6,0.17,10236.8,10016.5
13/10/14,10187.3,36.8,0.36,10274.8,10042.2
10/10/14,10150.5,-123.2,-1.2,10290.9,10102.4
9/10/14,10273.7,-65.3,-0.63,10470.8,10201.0
8/10/14,10339.0,-91.7,-0.88,10460.9,10320.0
7/10/14,10430.7,-215.0,-2.02,10610.0,10422.1
6/10/14,10645.7,78.1,0.74,10728.8,10632.5
3/10/14,10567.6,149.5,1.44,10582.0,10436.4
2/10/14,10418.1,-335.1,-3.12,10769.3,10418.1
1/10/14,10753.2,-72.3,-0.67,10889.3,10734.6
30/09/14,10825.5,139.5,1.31,10860.1,10714.0
29/09/14,10686.0,-165.4,-1.52,10852.7,10625.5
26/09/14,10851.4,68.3,0.63,10891.0,10701.2
25/09/14,10783.1,-73.8,-0.68,10948.6,10733.1
24/09/14,10856.9,55.1,0.51,10860.5,10679.2
23/09/14,10801.8,-146.1,-1.33,10918.9,10781.2
22/09/14,10947.9,-54.0,-0.49,11026.5,10930.5
19/09/14,11001.9,10.9,0.1,11191.8,11001.9
18/09/14,10991.0,83.6,0.77,11016.5,10899.2
17/09/14,10907.4,108.7,1.01,10939.2,10818.1
16/09/14,10798.7,-42.6,-0.39,10836.7,10737.3
15/09/14,10841.3,-47.6,-0.44,10894.8,10815.2
12/09/14,10888.9,2.6,0.02,10930.2,10838.9
11/09/14,10886.3,-51.5,-0.47,10963.5,10823.9
10/09/14,10937.8,-13.8,-0.13,10937.8,10821.3
9/09/14,10951.6,-151.0,-1.36,11080.6,10939.7
8/09/14,11102.6,-46.3,-0.42,11163.0,11043.0
5/09/14,11148.9,48.8,0.44,11182.0,11062.2
4/09/14,11100.1,213.3,1.96,11146.6,10835.4
3/09/14,10886.8,131.8,1.23,10927.2,10783.4
2/09/14,10755.0,8.5,0.08,10822.6,10736.4
1/09/14,10746.5,17.7,0.16,10784.1,10693.9
29/08/14,10728.8,6.6,0.06,10785.3,10614.5
28/08/14,10722.2,-115.2,-1.06,10844.4,10688.0
27/08/14,10837.4,10.5,0.1,10883.8,10787.4
26/08/14,10826.9,136.8,1.28,10835.5,10669.4
25/08/14,10690.1,189.9,1.81,10695.7,10563.6
22/08/14,10500.2,-56.2,-0.53,10588.7,10436.4
21/08/14,10556.4,135.5,1.3,10569.3,10386.7
20/08/14,10420.9,34.4,0.33,10428.1,10338.3
19/08/14,10386.5,33.1,0.32,10416.6,10367.2
18/08/14,10353.4,131.2,1.28,10372.2,10284.1
15/08/14,10222.2,-72.6,-0.71,10417.7,10203.7
14/08/14,10294.8,-9.2,-0.09,10339.2,10210.7
13/08/14,10304.0,62.5,0.61,10330.2,10250.5
12/08/14,10241.5,48.0,0.47,10324.1,10161.9
11/08/14,10193.5,88.7,0.88,10245.7,10148.6
8/08/14,10104.8,26.2,0.26,10183.0,9946.9
7/08/14,10078.6,-167.6,-1.64,10258.9,10049.9
6/08/14,10246.2,-107.6,-1.04,10330.3,10121.5
5/08/14,10353.8,-142.4,-1.36,10534.7,10314.4
4/08/14,10496.2,-17.8,-0.17,10589.4,10463.9
1/08/14,10514.0,-193.2,-1.8,10701.4,10478.3
31/07/14,10707.2,-230.2,-2.1,10943.9,10663.3
30/07/14,10937.4,36.2,0.33,11016.1,10888.6
29/07/14,10901.2,21.4,0.2,10964.3,10854.2
28/07/14,10879.8,-8.3,-0.08,10963.9,10801.6
25/07/14,10888.1,27.4,0.25,10941.9,10832.1
24/07/14,10860.7,201.6,1.89,10860.7,10618.1
23/07/14,10659.1,10.2,0.1,10700.0,10604.8
22/07/14,10648.9,166.9,1.59,10667.9,10504.7
21/07/14,10482.0,-45.0,-0.43,10530.6,10447.6
18/07/14,10527.0,-16.3,-0.15,10527.0,10425.3
17/07/14,10543.3,-125.1,-1.17,10643.0,10507.8
16/07/14,10668.4,192.5,1.84,10680.2,10496.6
15/07/14,10475.9,-130.4,-1.23,10581.4,10427.7
14/07/14,10606.3,67.5,0.64,10640.0,10526.6
11/07/14,10538.8,5.2,0.05,10681.5,10489.8
10/07/14,10533.6,-213.3,-1.98,10743.6,10423.6
9/07/14,10746.9,57.8,0.54,10771.0,10680.9
8/07/14,10689.1,-199.4,-1.83,10920.9,10663.0
7/07/14,10888.5,-120.9,-1.1,11005.2,10874.5
4/07/14,11009.4,-80.6,-0.73,11084.0,11004.8
3/07/14,11090.0,73.8,0.67,11100.2,10958.1
2/07/14,11016.2,8.4,0.08,11037.5,10955.2
1/07/14,11007.8,84.3,0.77,11007.8,10911.9
30/06/14,10923.5,-36.4,-0.33,10996.3,10850.6
27/06/14,10959.9,-29.1,-0.26,11059.8,10924.2
26/06/14,10989.0,22.3,0.2,11046.4,10910.8
25/06/14,10966.7,-139.2,-1.25,11069.5,10890.2
24/06/14,11105.9,-12.4,-0.11,11168.8,11082.5
23/06/14,11118.3,-36.8,-0.33,11185.1,11093.9
20/06/14,11155.1,-32.7,-0.29,11215.8,11142.6
19/06/14,11187.8,75.5,0.68,11249.4,11158.8
18/06/14,11112.3,53.8,0.49,11130.8,11052.7
17/06/14,11058.5,50.3,0.46,11093.5,11013.0
16/06/14,11008.2,-105.5,-0.95,11099.2,10971.7
13/06/14,11113.7,25.2,0.23,11134.3,11010.0
12/06/14,11088.5,13.6,0.12,11137.3,11046.0
11/06/14,11074.9,-78.6,-0.7,11167.8,11045.2
10/06/14,11153.5,-10.6,-0.09,11177.6,11095.6
9/06/14,11164.1,99.8,0.9,11188.2,11057.7
6/06/14,11064.3,187.9,1.73,11085.1,10888.4
5/06/14,10876.4,120.8,1.12,10970.0,10714.2
4/06/14,10755.6,-21.1,-0.2,10775.1,10667.2
3/06/14,10776.7,-50.7,-0.47,10873.6,10744.3
2/06/14,10827.4,28.7,0.27,10877.4,10800.2
30/05/14,10798.7,63.9,0.6,10803.4,10697.8
29/05/14,10734.8,-22.4,-0.21,10770.3,10665.0
28/05/14,10757.2,43.0,0.4,10757.2,10672.2
27/05/14,10714.2,26.7,0.25,10744.8,10659.4
26/05/14,10687.5,128.6,1.22,10695.5,10576.3
23/05/14,10558.9,38.3,0.36,10576.5,10466.0
22/05/14,10520.6,-10.8,-0.1,10558.0,10474.9
21/05/14,10531.4,77.6,0.74,10547.5,10364.1
20/05/14,10453.8,28.3,0.27,10479.0,10401.6
19/05/14,10425.5,-53.2,-0.51,10526.0,10307.3
16/05/14,10478.7,113.7,1.1,10494.9,10282.4
15/05/14,10365.0,-248.9,-2.35,10665.1,10323.4
14/05/14,10613.9,26.7,0.25,10639.1,10521.6
13/05/14,10587.2,20.2,0.19,10600.9,10533.4
12/05/14,10567.0,79.8,0.76,10578.2,10478.2
9/05/14,10487.2,-104.0,-0.98,10592.6,10438.7
8/05/14,10591.2,177.4,1.7,10597.9,10412.5
7/05/14,10413.8,-67.6,-0.64,10494.5,10371.5
6/05/14,10481.4,4.4,0.04,10549.2,10414.8
5/05/14,10477.0,2.5,0.02,10502.7,10342.5
2/05/14,10474.5,15.5,0.15,10541.0,10441.3
30/04/14,10459.0,-2.0,-0.02,10500.4,10397.7
29/04/14,10461.0,140.1,1.36,10488.5,10342.6
28/04/14,10320.9,14.7,0.14,10391.3,10247.9
25/04/14,10306.2,-155.8,-1.49,10442.9,10281.0
24/04/14,10462.0,37.6,0.36,10531.1,10338.7
23/04/14,10424.4,-13.4,-0.13,10482.5,10394.9
22/04/14,10437.8,145.4,1.41,10449.0,10279.7
17/04/14,10292.4,24.5,0.24,10316.2,10184.9
16/04/14,10267.9,164.4,1.63,10267.9,10179.4
15/04/14,10103.5,-84.7,-0.83,10247.8,10071.6
14/04/14,10188.2,-17.2,-0.17,10191.3,9984.3
11/04/14,10205.4,-130.7,-1.26,10332.1,10091.1
10/04/14,10336.1,-149.1,-1.42,10536.6,10326.4
9/04/14,10485.2,4.7,0.04,10571.5,10477.2
8/04/14,10480.5,-125.7,-1.19,10626.6,10384.1
7/04/14,10606.2,-71.0,-0.66,10678.2,10561.3
4/04/14,10677.2,93.1,0.88,10705.1,10572.3
3/04/14,10584.1,148.3,1.42,10644.4,10451.5
2/04/14,10435.8,-27.3,-0.26,10503.7,10391.3
1/04/14,10463.1,122.6,1.19,10487.6,10359.5
31/03/14,10340.5,11.6,0.11,10420.6,10325.9
28/03/14,10328.9,129.9,1.27,10341.9,10208.8
27/03/14,10199.0,58.2,0.57,10204.4,10087.1
26/03/14,10140.8,150.3,1.5,10180.4,9994.1
25/03/14,9990.5,77.4,0.78,10035.2,9885.6
24/03/14,9913.1,-140.0,-1.39,10090.0,9868.7
21/03/14,10053.1,-26.8,-0.27,10157.5,10042.4
20/03/14,10079.9,-13.4,-0.13,10085.5,9970.9
19/03/14,10093.3,41.9,0.42,10135.5,10022.8
18/03/14,10051.4,76.4,0.77,10109.3,9902.8
17/03/14,9975.0,163.0,1.66,9992.5,9811.2
14/03/14,9812.0,-138.3,-1.39,9944.3,9703.1
13/03/14,9950.3,-120.1,-1.19,10117.8,9950.3
12/03/14,10070.4,-92.9,-0.91,10169.0,9984.2
11/03/14,10163.3,-31.3,-0.31,10245.0,10137.9
10/03/14,10194.6,30.4,0.3,10292.0,10119.1
7/03/14,10164.2,-139.8,-1.36,10345.3,10147.6
6/03/14,10304.0,88.8,0.87,10358.9,10247.5
5/03/14,10215.2,88.5,0.87,10249.6,10089.1
4/03/14,10126.7,248.0,2.51,10126.7,9955.2
3/03/14,9878.7,-235.5,-2.33,9991.6,9855.1
28/02/14,10114.2,-49.9,-0.49,10174.2,9996.1
27/02/14,10164.1,-60.2,-0.59,10228.1,10063.9
26/02/14,10224.3,-18.2,-0.18,10269.0,10191.7
25/02/14,10242.5,49.4,0.48,10242.7,10150.9
24/02/14,10193.1,122.1,1.21,10193.1,10035.3
21/02/14,10071.0,8.8,0.09,10108.8,10009.2
20/02/14,10062.2,8.4,0.08,10062.2,9918.5
19/02/14,10053.8,11.1,0.11,10102.7,9945.9
18/02/14,10042.7,-75.9,-0.75,10114.5,9988.8
17/02/14,10118.6,-14.2,-0.14,10181.9,10084.6
14/02/14,10132.8,33.9,0.34,10184.7,10057.8
13/02/14,10098.9,18.1,0.18,10098.9,9950.0
12/02/14,10080.8,-10.4,-0.1,10151.3,10041.3
11/02/14,10091.2,108.5,1.09,10091.2,9985.0
10/02/14,9982.7,-89.7,-0.89,10117.8,9943.8
7/02/14,10072.4,107.8,1.08,10086.7,9910.7
6/02/14,9964.6,189.6,1.94,9983.7,9807.2
5/02/14,9775.0,20.7,0.21,9837.5,9700.4
4/02/14,9754.3,28.9,0.3,9814.2,9654.8
3/02/14,9725.4,-194.8,-1.96,9980.1,9712.5
31/01/14,9920.2,-44.3,-0.44,9993.2,9761.8
30/01/14,9964.5,68.3,0.69,9995.5,9775.7
29/01/14,9896.2,17.1,0.17,10054.1,9716.5
28/01/14,9879.1,120.7,1.24,9922.8,9802.5
27/01/14,9758.4,-110.5,-1.12,9915.9,9725.7
24/01/14,9868.9,-372.3,-3.64,10240.8,9835.5
23/01/14,10241.2,-38.5,-0.37,10350.9,10215.8
22/01/14,10279.7,-77.7,-0.75,10440.5,10241.5
21/01/14,10357.4,-96.7,-0.92,10510.5,10344.2
20/01/14,10454.1,-11.6,-0.11,10485.9,10403.5
17/01/14,10465.7,10.2,0.1,10501.8,10393.5
16/01/14,10455.5,-69.5,-0.66,10552.7,10441.4
15/01/14,10525.0,143.0,1.38,10529.8,10368.4
14/01/14,10382.0,16.5,0.16,10382.0,10223.1
13/01/14,10365.5,74.9,0.73,10396.0,10298.3
10/01/14,10290.6,56.4,0.55,10361.8,10248.8
9/01/14,10234.2,-19.4,-0.19,10383.0,10186.3
8/01/14,10253.6,74.9,0.74,10282.0,10117.2
7/01/14,10178.7,290.2,2.93,10188.5,9881.9
6/01/14,9888.5,90.5,0.92,9928.7,9766.4
3/01/14,9798.0,37.7,0.39,9830.1,9722.5
2/01/14,9760.3,-156.4,-1.58,9952.0,9758.4
31/12/13,9916.7,14.8,0.15,9923.3,9881.7
30/12/13,9901.9,1.8,0.02,9949.8,9864.8
27/12/13,9900.1,80.6,0.82,9900.1,9826.3
24/12/13,9819.5,61.1,0.63,9826.4,9756.3
23/12/13,9758.4,68.5,0.71,9758.4,9650.5
20/12/13,9689.9,25.6,0.26,9721.9,9623.4
19/12/13,9664.3,220.7,2.34,9664.3,9535.8
18/12/13,9443.6,100.2,1.07,9456.7,9348.3
